epoch,train_loss,valid_loss,seq2seq_acc,bleu,time
0,6.255301,6.430156,0.127701,0.000000,01:12
1,6.267825,6.618683,0.135250,0.000010,00:53
